{
  "name": "Gauge",
  "description": "",
  "author": "PTW",
  "library": "ptw",
  "meta": {
    "type": "kpi"
  },
  "properties": {
    "measures": {
      "min": 1,
      "max": 1
    },
    "dimensions": {
      "max": 0,
      "min": 0
    },
    "sections": [
      {
        "type": "header",
        "order": 0,
        "parent": "qw-pe-dropzone1-0",
        "ref": "header1",
        "label": "Settings"
      }
    ],
    "settings": [
      {
        "type": "string",
        "expression": "optional",
        "defaultValue": "#bbb",
        "order": 0,
        "parent": "header1",
        "ref": "property1",
        "label": "HEX Color"
      }
    ]
  }
}