{
    "leagueCaption": "France Ligue 1", 
    "standing": [
        {
            "teamName": "Paris SG",
            "color": "#0162A6", 
            "rank": [
                {
                    "matchday": 1, 
                    "position": 10
                }, 
                {
                    "matchday": 2, 
                    "position": 3
                }, 
                {
                    "matchday": 3, 
                    "position": 6
                }, 
                {
                    "matchday": 4, 
                    "position": 2
                }, 
                {
                    "matchday": 5, 
                    "position": 5
                }, 
                {
                    "matchday": 6, 
                    "position": 5
                }, 
                {
                    "matchday": 7, 
                    "position": 4
                }, 
                {
                    "matchday": 8, 
                    "position": 4
                }, 
                {
                    "matchday": 9, 
                    "position": 3
                }, 
                {
                    "matchday": 10, 
                    "position": 2
                }, 
                {
                    "matchday": 11, 
                    "position": 2
                }, 
                {
                    "matchday": 12, 
                    "position": 2
                }, 
                {
                    "matchday": 13, 
                    "position": 2
                }, 
                {
                    "matchday": 14, 
                    "position": 2
                }, 
                {
                    "matchday": 15, 
                    "position": 2
                }, 
                {
                    "matchday": 16, 
                    "position": 2
                }, 
                {
                    "matchday": 17, 
                    "position": 2
                }, 
                {
                    "matchday": 18, 
                    "position": 2
                }, 
                {
                    "matchday": 19, 
                    "position": 3
                }, 
                {
                    "matchday": 20, 
                    "position": 4
                }, 
                {
                    "matchday": 21, 
                    "position": 3
                }, 
                {
                    "matchday": 22, 
                    "position": 3
                }, 
                {
                    "matchday": 23, 
                    "position": 3
                }, 
                {
                    "matchday": 24, 
                    "position": 3
                }, 
                {
                    "matchday": 25, 
                    "position": 3
                }, 
                {
                    "matchday": 26, 
                    "position": 2
                }, 
                {
                    "matchday": 27, 
                    "position": 2
                }, 
                {
                    "matchday": 28, 
                    "position": 2
                }, 
                {
                    "matchday": 29, 
                    "position": 2
                }, 
                {
                    "matchday": 30, 
                    "position": 1
                }, 
                {
                    "matchday": 31, 
                    "position": 1
                }, 
                {
                    "matchday": 32, 
                    "position": 1
                }, 
                {
                    "matchday": 33, 
                    "position": 1
                }, 
                {
                    "matchday": 34, 
                    "position": 1
                }, 
                {
                    "matchday": 35, 
                    "position": 1
                }, 
                {
                    "matchday": 36, 
                    "position": 1
                }, 
                {
                    "matchday": 37, 
                    "position": 1
                }, 
                {
                    "matchday": 38, 
                    "position": 1
                }
            ]
        }, 
        {
            "teamName": "Bastia",
            "color": "#014689", 
            "rank": [
                {
                    "matchday": 1, 
                    "position": 8
                }, 
                {
                    "matchday": 2, 
                    "position": 15
                }, 
                {
                    "matchday": 3, 
                    "position": 9
                }, 
                {
                    "matchday": 4, 
                    "position": 13
                }, 
                {
                    "matchday": 5, 
                    "position": 14
                }, 
                {
                    "matchday": 6, 
                    "position": 18
                }, 
                {
                    "matchday": 7, 
                    "position": 16
                }, 
                {
                    "matchday": 8, 
                    "position": 16
                }, 
                {
                    "matchday": 9, 
                    "position": 19
                }, 
                {
                    "matchday": 10, 
                    "position": 16
                }, 
                {
                    "matchday": 11, 
                    "position": 18
                }, 
                {
                    "matchday": 12, 
                    "position": 19
                }, 
                {
                    "matchday": 13, 
                    "position": 15
                }, 
                {
                    "matchday": 14, 
                    "position": 15
                }, 
                {
                    "matchday": 15, 
                    "position": 19
                }, 
                {
                    "matchday": 16, 
                    "position": 20
                }, 
                {
                    "matchday": 17, 
                    "position": 20
                }, 
                {
                    "matchday": 18, 
                    "position": 18
                }, 
                {
                    "matchday": 19, 
                    "position": 19
                }, 
                {
                    "matchday": 20, 
                    "position": 14
                }, 
                {
                    "matchday": 21, 
                    "position": 15
                }, 
                {
                    "matchday": 22, 
                    "position": 15
                }, 
                {
                    "matchday": 23, 
                    "position": 16
                }, 
                {
                    "matchday": 24, 
                    "position": 15
                }, 
                {
                    "matchday": 25, 
                    "position": 13
                }, 
                {
                    "matchday": 26, 
                    "position": 10
                }, 
                {
                    "matchday": 27, 
                    "position": 14
                }, 
                {
                    "matchday": 28, 
                    "position": 10
                }, 
                {
                    "matchday": 29, 
                    "position": 12
                }, 
                {
                    "matchday": 30, 
                    "position": 13
                }, 
                {
                    "matchday": 31, 
                    "position": 14
                }, 
                {
                    "matchday": 32, 
                    "position": 14
                }, 
                {
                    "matchday": 33, 
                    "position": 16
                }, 
                {
                    "matchday": 34, 
                    "position": 13
                }, 
                {
                    "matchday": 35, 
                    "position": 12
                }, 
                {
                    "matchday": 36, 
                    "position": 10
                }, 
                {
                    "matchday": 37, 
                    "position": 11
                }, 
                {
                    "matchday": 38, 
                    "position": 12
                }
            ]
        }, 
        {
            "teamName": "Bordeaux",
            "color": "#041C42", 
            "rank": [
                {
                    "matchday": 1, 
                    "position": 6
                }, 
                {
                    "matchday": 2, 
                    "position": 1
                }, 
                {
                    "matchday": 3, 
                    "position": 1
                }, 
                {
                    "matchday": 4, 
                    "position": 1
                }, 
                {
                    "matchday": 5, 
                    "position": 3
                }, 
                {
                    "matchday": 6, 
                    "position": 2
                }, 
                {
                    "matchday": 7, 
                    "position": 2
                }, 
                {
                    "matchday": 8, 
                    "position": 2
                }, 
                {
                    "matchday": 9, 
                    "position": 2
                }, 
                {
                    "matchday": 10, 
                    "position": 3
                }, 
                {
                    "matchday": 11, 
                    "position": 6
                }, 
                {
                    "matchday": 12, 
                    "position": 4
                }, 
                {
                    "matchday": 13, 
                    "position": 4
                }, 
                {
                    "matchday": 14, 
                    "position": 5
                }, 
                {
                    "matchday": 15, 
                    "position": 4
                }, 
                {
                    "matchday": 16, 
                    "position": 6
                }, 
                {
                    "matchday": 17, 
                    "position": 5
                }, 
                {
                    "matchday": 18, 
                    "position": 5
                }, 
                {
                    "matchday": 19, 
                    "position": 6
                }, 
                {
                    "matchday": 20, 
                    "position": 6
                }, 
                {
                    "matchday": 21, 
                    "position": 7
                }, 
                {
                    "matchday": 22, 
                    "position": 7
                }, 
                {
                    "matchday": 23, 
                    "position": 7
                }, 
                {
                    "matchday": 24, 
                    "position": 6
                }, 
                {
                    "matchday": 25, 
                    "position": 6
                }, 
                {
                    "matchday": 26, 
                    "position": 6
                }, 
                {
                    "matchday": 27, 
                    "position": 7
                }, 
                {
                    "matchday": 28, 
                    "position": 6
                }, 
                {
                    "matchday": 29, 
                    "position": 6
                }, 
                {
                    "matchday": 30, 
                    "position": 6
                }, 
                {
                    "matchday": 31, 
                    "position": 6
                }, 
                {
                    "matchday": 32, 
                    "position": 6
                }, 
                {
                    "matchday": 33, 
                    "position": 6
                }, 
                {
                    "matchday": 34, 
                    "position": 6
                }, 
                {
                    "matchday": 35, 
                    "position": 6
                }, 
                {
                    "matchday": 36, 
                    "position": 6
                }, 
                {
                    "matchday": 37, 
                    "position": 6
                }, 
                {
                    "matchday": 38, 
                    "position": 6
                }
            ]
        }, 
        {
            "teamName": "Caen", 
            "color": "#EA0001", 
            "rank": [
                {
                    "matchday": 1, 
                    "position": 1
                }, 
                {
                    "matchday": 2, 
                    "position": 9
                }, 
                {
                    "matchday": 3, 
                    "position": 4
                }, 
                {
                    "matchday": 4, 
                    "position": 9
                }, 
                {
                    "matchday": 5, 
                    "position": 12
                }, 
                {
                    "matchday": 6, 
                    "position": 10
                }, 
                {
                    "matchday": 7, 
                    "position": 14
                }, 
                {
                    "matchday": 8, 
                    "position": 13
                }, 
                {
                    "matchday": 9, 
                    "position": 17
                }, 
                {
                    "matchday": 10, 
                    "position": 18
                }, 
                {
                    "matchday": 11, 
                    "position": 15
                }, 
                {
                    "matchday": 12, 
                    "position": 15
                }, 
                {
                    "matchday": 13, 
                    "position": 17
                }, 
                {
                    "matchday": 14, 
                    "position": 16
                }, 
                {
                    "matchday": 15, 
                    "position": 17
                }, 
                {
                    "matchday": 16, 
                    "position": 18
                }, 
                {
                    "matchday": 17, 
                    "position": 19
                }, 
                {
                    "matchday": 18, 
                    "position": 20
                }, 
                {
                    "matchday": 19, 
                    "position": 20
                }, 
                {
                    "matchday": 20, 
                    "position": 20
                }, 
                {
                    "matchday": 21, 
                    "position": 20
                }, 
                {
                    "matchday": 22, 
                    "position": 18
                }, 
                {
                    "matchday": 23, 
                    "position": 15
                }, 
                {
                    "matchday": 24, 
                    "position": 14
                }, 
                {
                    "matchday": 25, 
                    "position": 15
                }, 
                {
                    "matchday": 26, 
                    "position": 14
                }, 
                {
                    "matchday": 27, 
                    "position": 12
                }, 
                {
                    "matchday": 28, 
                    "position": 14
                }, 
                {
                    "matchday": 29, 
                    "position": 14
                }, 
                {
                    "matchday": 30, 
                    "position": 14
                }, 
                {
                    "matchday": 31, 
                    "position": 12
                }, 
                {
                    "matchday": 32, 
                    "position": 13
                }, 
                {
                    "matchday": 33, 
                    "position": 13
                }, 
                {
                    "matchday": 34, 
                    "position": 15
                }, 
                {
                    "matchday": 35, 
                    "position": 14
                }, 
                {
                    "matchday": 36, 
                    "position": 13
                }, 
                {
                    "matchday": 37, 
                    "position": 15
                }, 
                {
                    "matchday": 38, 
                    "position": 13
                }
            ]
        }, 
        {
            "teamName": "Evian TG", 
            "color": "#CD003B", 
            "rank": [
                {
                    "matchday": 1, 
                    "position": 20
                }, 
                {
                    "matchday": 2, 
                    "position": 20
                }, 
                {
                    "matchday": 3, 
                    "position": 20
                }, 
                {
                    "matchday": 4, 
                    "position": 20
                }, 
                {
                    "matchday": 5, 
                    "position": 20
                }, 
                {
                    "matchday": 6, 
                    "position": 20
                }, 
                {
                    "matchday": 7, 
                    "position": 20
                }, 
                {
                    "matchday": 8, 
                    "position": 18
                }, 
                {
                    "matchday": 9, 
                    "position": 15
                }, 
                {
                    "matchday": 10, 
                    "position": 17
                }, 
                {
                    "matchday": 11, 
                    "position": 19
                }, 
                {
                    "matchday": 12, 
                    "position": 20
                }, 
                {
                    "matchday": 13, 
                    "position": 16
                }, 
                {
                    "matchday": 14, 
                    "position": 18
                }, 
                {
                    "matchday": 15, 
                    "position": 16
                }, 
                {
                    "matchday": 16, 
                    "position": 14
                }, 
                {
                    "matchday": 17, 
                    "position": 15
                }, 
                {
                    "matchday": 18, 
                    "position": 17
                }, 
                {
                    "matchday": 19, 
                    "position": 18
                }, 
                {
                    "matchday": 20, 
                    "position": 18
                }, 
                {
                    "matchday": 21, 
                    "position": 18
                }, 
                {
                    "matchday": 22, 
                    "position": 16
                }, 
                {
                    "matchday": 23, 
                    "position": 18
                }, 
                {
                    "matchday": 24, 
                    "position": 18
                }, 
                {
                    "matchday": 25, 
                    "position": 18
                }, 
                {
                    "matchday": 26, 
                    "position": 16
                }, 
                {
                    "matchday": 27, 
                    "position": 16
                }, 
                {
                    "matchday": 28, 
                    "position": 16
                }, 
                {
                    "matchday": 29, 
                    "position": 17
                }, 
                {
                    "matchday": 30, 
                    "position": 16
                }, 
                {
                    "matchday": 31, 
                    "position": 15
                }, 
                {
                    "matchday": 32, 
                    "position": 15
                }, 
                {
                    "matchday": 33, 
                    "position": 17
                }, 
                {
                    "matchday": 34, 
                    "position": 18
                }, 
                {
                    "matchday": 35, 
                    "position": 18
                }, 
                {
                    "matchday": 36, 
                    "position": 18
                }, 
                {
                    "matchday": 37, 
                    "position": 18
                }, 
                {
                    "matchday": 38, 
                    "position": 18
                }
            ]
        }, 
        {
            "teamName": "Guingamp", 
            "color": "#E00016", 
            "rank": [
                {
                    "matchday": 1, 
                    "position": 18
                }, 
                {
                    "matchday": 2, 
                    "position": 13
                }, 
                {
                    "matchday": 3, 
                    "position": 16
                }, 
                {
                    "matchday": 4, 
                    "position": 18
                }, 
                {
                    "matchday": 5, 
                    "position": 16
                }, 
                {
                    "matchday": 6, 
                    "position": 19
                }, 
                {
                    "matchday": 7, 
                    "position": 19
                }, 
                {
                    "matchday": 8, 
                    "position": 20
                }, 
                {
                    "matchday": 9, 
                    "position": 20
                }, 
                {
                    "matchday": 10, 
                    "position": 19
                }, 
                {
                    "matchday": 11, 
                    "position": 20
                }, 
                {
                    "matchday": 12, 
                    "position": 16
                }, 
                {
                    "matchday": 13, 
                    "position": 18
                }, 
                {
                    "matchday": 14, 
                    "position": 19
                }, 
                {
                    "matchday": 15, 
                    "position": 20
                }, 
                {
                    "matchday": 16, 
                    "position": 17
                }, 
                {
                    "matchday": 17, 
                    "position": 16
                }, 
                {
                    "matchday": 18, 
                    "position": 13
                }, 
                {
                    "matchday": 19, 
                    "position": 13
                }, 
                {
                    "matchday": 20, 
                    "position": 13
                }, 
                {
                    "matchday": 21, 
                    "position": 13
                }, 
                {
                    "matchday": 22, 
                    "position": 12
                }, 
                {
                    "matchday": 23, 
                    "position": 11
                }, 
                {
                    "matchday": 24, 
                    "position": 10
                }, 
                {
                    "matchday": 25, 
                    "position": 8
                }, 
                {
                    "matchday": 26, 
                    "position": 8
                }, 
                {
                    "matchday": 27, 
                    "position": 11
                }, 
                {
                    "matchday": 28, 
                    "position": 13
                }, 
                {
                    "matchday": 29, 
                    "position": 10
                }, 
                {
                    "matchday": 30, 
                    "position": 10
                }, 
                {
                    "matchday": 31, 
                    "position": 11
                }, 
                {
                    "matchday": 32, 
                    "position": 12
                }, 
                {
                    "matchday": 33, 
                    "position": 12
                }, 
                {
                    "matchday": 34, 
                    "position": 11
                }, 
                {
                    "matchday": 35, 
                    "position": 10
                }, 
                {
                    "matchday": 36, 
                    "position": 11
                }, 
                {
                    "matchday": 37, 
                    "position": 10
                }, 
                {
                    "matchday": 38, 
                    "position": 10
                }
            ]
        }, 
        {
            "teamName": "Lens", 
            "color": "#F5D30F", 
            "rank": [
                {
                    "matchday": 1, 
                    "position": 16
                }, 
                {
                    "matchday": 2, 
                    "position": 18
                }, 
                {
                    "matchday": 3, 
                    "position": 15
                }, 
                {
                    "matchday": 4, 
                    "position": 11
                }, 
                {
                    "matchday": 5, 
                    "position": 9
                }, 
                {
                    "matchday": 6, 
                    "position": 13
                }, 
                {
                    "matchday": 7, 
                    "position": 15
                }, 
                {
                    "matchday": 8, 
                    "position": 14
                }, 
                {
                    "matchday": 9, 
                    "position": 18
                }, 
                {
                    "matchday": 10, 
                    "position": 20
                }, 
                {
                    "matchday": 11, 
                    "position": 16
                }, 
                {
                    "matchday": 12, 
                    "position": 17
                }, 
                {
                    "matchday": 13, 
                    "position": 19
                }, 
                {
                    "matchday": 14, 
                    "position": 20
                }, 
                {
                    "matchday": 15, 
                    "position": 18
                }, 
                {
                    "matchday": 16, 
                    "position": 19
                }, 
                {
                    "matchday": 17, 
                    "position": 18
                }, 
                {
                    "matchday": 18, 
                    "position": 19
                }, 
                {
                    "matchday": 19, 
                    "position": 16
                }, 
                {
                    "matchday": 20, 
                    "position": 19
                }, 
                {
                    "matchday": 21, 
                    "position": 19
                }, 
                {
                    "matchday": 22, 
                    "position": 19
                }, 
                {
                    "matchday": 23, 
                    "position": 19
                }, 
                {
                    "matchday": 24, 
                    "position": 19
                }, 
                {
                    "matchday": 25, 
                    "position": 19
                }, 
                {
                    "matchday": 26, 
                    "position": 19
                }, 
                {
                    "matchday": 27, 
                    "position": 19
                }, 
                {
                    "matchday": 28, 
                    "position": 19
                }, 
                {
                    "matchday": 29, 
                    "position": 19
                }, 
                {
                    "matchday": 30, 
                    "position": 19
                }, 
                {
                    "matchday": 31, 
                    "position": 20
                }, 
                {
                    "matchday": 32, 
                    "position": 19
                }, 
                {
                    "matchday": 33, 
                    "position": 20
                }, 
                {
                    "matchday": 34, 
                    "position": 20
                }, 
                {
                    "matchday": 35, 
                    "position": 20
                }, 
                {
                    "matchday": 36, 
                    "position": 20
                }, 
                {
                    "matchday": 37, 
                    "position": 20
                }, 
                {
                    "matchday": 38, 
                    "position": 20
                }
            ]
        }, 
        {
            "teamName": "Lille", 
            "color": "#C91119", 
            "rank": [
                {
                    "matchday": 1, 
                    "position": 12
                }, 
                {
                    "matchday": 2, 
                    "position": 7
                }, 
                {
                    "matchday": 3, 
                    "position": 3
                }, 
                {
                    "matchday": 4, 
                    "position": 3
                }, 
                {
                    "matchday": 5, 
                    "position": 1
                }, 
                {
                    "matchday": 6, 
                    "position": 4
                }, 
                {
                    "matchday": 7, 
                    "position": 5
                }, 
                {
                    "matchday": 8, 
                    "position": 3
                }, 
                {
                    "matchday": 9, 
                    "position": 4
                }, 
                {
                    "matchday": 10, 
                    "position": 8
                }, 
                {
                    "matchday": 11, 
                    "position": 11
                }, 
                {
                    "matchday": 12, 
                    "position": 12
                }, 
                {
                    "matchday": 13, 
                    "position": 14
                }, 
                {
                    "matchday": 14, 
                    "position": 10
                }, 
                {
                    "matchday": 15, 
                    "position": 11
                }, 
                {
                    "matchday": 16, 
                    "position": 12
                }, 
                {
                    "matchday": 17, 
                    "position": 12
                }, 
                {
                    "matchday": 18, 
                    "position": 11
                }, 
                {
                    "matchday": 19, 
                    "position": 11
                }, 
                {
                    "matchday": 20, 
                    "position": 11
                }, 
                {
                    "matchday": 21, 
                    "position": 12
                }, 
                {
                    "matchday": 22, 
                    "position": 13
                }, 
                {
                    "matchday": 23, 
                    "position": 13
                }, 
                {
                    "matchday": 24, 
                    "position": 11
                }, 
                {
                    "matchday": 25, 
                    "position": 11
                }, 
                {
                    "matchday": 26, 
                    "position": 12
                }, 
                {
                    "matchday": 27, 
                    "position": 9
                }, 
                {
                    "matchday": 28, 
                    "position": 8
                }, 
                {
                    "matchday": 29, 
                    "position": 8
                }, 
                {
                    "matchday": 30, 
                    "position": 8
                }, 
                {
                    "matchday": 31, 
                    "position": 8
                }, 
                {
                    "matchday": 32, 
                    "position": 8
                }, 
                {
                    "matchday": 33, 
                    "position": 8
                }, 
                {
                    "matchday": 34, 
                    "position": 8
                }, 
                {
                    "matchday": 35, 
                    "position": 8
                }, 
                {
                    "matchday": 36, 
                    "position": 8
                }, 
                {
                    "matchday": 37, 
                    "position": 8
                }, 
                {
                    "matchday": 38, 
                    "position": 8
                }
            ]
        }, 
        {
            "teamName": "Lorient",
            "color": "#F58113",  
            "rank": [
                {
                    "matchday": 1, 
                    "position": 5
                }, 
                {
                    "matchday": 2, 
                    "position": 5
                }, 
                {
                    "matchday": 3, 
                    "position": 12
                }, 
                {
                    "matchday": 4, 
                    "position": 6
                }, 
                {
                    "matchday": 5, 
                    "position": 8
                }, 
                {
                    "matchday": 6, 
                    "position": 11
                }, 
                {
                    "matchday": 7, 
                    "position": 17
                }, 
                {
                    "matchday": 8, 
                    "position": 17
                }, 
                {
                    "matchday": 9, 
                    "position": 14
                }, 
                {
                    "matchday": 10, 
                    "position": 15
                }, 
                {
                    "matchday": 11, 
                    "position": 17
                }, 
                {
                    "matchday": 12, 
                    "position": 18
                }, 
                {
                    "matchday": 13, 
                    "position": 20
                }, 
                {
                    "matchday": 14, 
                    "position": 17
                }, 
                {
                    "matchday": 15, 
                    "position": 15
                }, 
                {
                    "matchday": 16, 
                    "position": 16
                }, 
                {
                    "matchday": 17, 
                    "position": 17
                }, 
                {
                    "matchday": 18, 
                    "position": 14
                }, 
                {
                    "matchday": 19, 
                    "position": 15
                }, 
                {
                    "matchday": 20, 
                    "position": 16
                }, 
                {
                    "matchday": 21, 
                    "position": 14
                }, 
                {
                    "matchday": 22, 
                    "position": 15
                }, 
                {
                    "matchday": 23, 
                    "position": 17
                }, 
                {
                    "matchday": 24, 
                    "position": 16
                }, 
                {
                    "matchday": 25, 
                    "position": 16
                }, 
                {
                    "matchday": 26, 
                    "position": 17
                }, 
                {
                    "matchday": 27, 
                    "position": 17
                }, 
                {
                    "matchday": 28, 
                    "position": 17
                }, 
                {
                    "matchday": 29, 
                    "position": 15
                }, 
                {
                    "matchday": 30, 
                    "position": 17
                }, 
                {
                    "matchday": 31, 
                    "position": 17
                }, 
                {
                    "matchday": 32, 
                    "position": 16
                }, 
                {
                    "matchday": 33, 
                    "position": 18
                }, 
                {
                    "matchday": 34, 
                    "position": 16
                }, 
                {
                    "matchday": 35, 
                    "position": 15
                }, 
                {
                    "matchday": 36, 
                    "position": 14
                }, 
                {
                    "matchday": 37, 
                    "position": 16
                }, 
                {
                    "matchday": 38, 
                    "position": 16
                }
            ]
        }, 
        {
            "teamName": "Lyon", 
            "color": "#013893", 
            "rank": [
                {
                    "matchday": 1, 
                    "position": 2
                }, 
                {
                    "matchday": 2, 
                    "position": 10
                }, 
                {
                    "matchday": 3, 
                    "position": 13
                }, 
                {
                    "matchday": 4, 
                    "position": 17
                }, 
                {
                    "matchday": 5, 
                    "position": 13
                }, 
                {
                    "matchday": 6, 
                    "position": 12
                }, 
                {
                    "matchday": 7, 
                    "position": 8
                }, 
                {
                    "matchday": 8, 
                    "position": 10
                }, 
                {
                    "matchday": 9, 
                    "position": 6
                }, 
                {
                    "matchday": 10, 
                    "position": 4
                }, 
                {
                    "matchday": 11, 
                    "position": 3
                }, 
                {
                    "matchday": 12, 
                    "position": 3
                }, 
                {
                    "matchday": 13, 
                    "position": 3
                }, 
                {
                    "matchday": 14, 
                    "position": 3
                }, 
                {
                    "matchday": 15, 
                    "position": 3
                }, 
                {
                    "matchday": 16, 
                    "position": 3
                }, 
                {
                    "matchday": 17, 
                    "position": 3
                }, 
                {
                    "matchday": 18, 
                    "position": 3
                }, 
                {
                    "matchday": 19, 
                    "position": 2
                }, 
                {
                    "matchday": 20, 
                    "position": 1
                }, 
                {
                    "matchday": 21, 
                    "position": 1
                }, 
                {
                    "matchday": 22, 
                    "position": 1
                }, 
                {
                    "matchday": 23, 
                    "position": 1
                }, 
                {
                    "matchday": 24, 
                    "position": 1
                }, 
                {
                    "matchday": 25, 
                    "position": 1
                }, 
                {
                    "matchday": 26, 
                    "position": 1
                }, 
                {
                    "matchday": 27, 
                    "position": 1
                }, 
                {
                    "matchday": 28, 
                    "position": 1
                }, 
                {
                    "matchday": 29, 
                    "position": 1
                }, 
                {
                    "matchday": 30, 
                    "position": 2
                }, 
                {
                    "matchday": 31, 
                    "position": 2
                }, 
                {
                    "matchday": 32, 
                    "position": 2
                }, 
                {
                    "matchday": 33, 
                    "position": 2
                }, 
                {
                    "matchday": 34, 
                    "position": 2
                }, 
                {
                    "matchday": 35, 
                    "position": 2
                }, 
                {
                    "matchday": 36, 
                    "position": 2
                }, 
                {
                    "matchday": 37, 
                    "position": 2
                }, 
                {
                    "matchday": 38, 
                    "position": 2
                }
            ]
        }, 
        {
            "teamName": "Marseille", 
            "color": "#0898D7", 
            "rank": [
                {
                    "matchday": 1, 
                    "position": 8
                }, 
                {
                    "matchday": 2, 
                    "position": 15
                }, 
                {
                    "matchday": 3, 
                    "position": 9
                }, 
                {
                    "matchday": 4, 
                    "position": 4
                }, 
                {
                    "matchday": 5, 
                    "position": 2
                }, 
                {
                    "matchday": 6, 
                    "position": 1
                }, 
                {
                    "matchday": 7, 
                    "position": 1
                }, 
                {
                    "matchday": 8, 
                    "position": 1
                }, 
                {
                    "matchday": 9, 
                    "position": 1
                }, 
                {
                    "matchday": 10, 
                    "position": 1
                }, 
                {
                    "matchday": 11, 
                    "position": 1
                }, 
                {
                    "matchday": 12, 
                    "position": 1
                }, 
                {
                    "matchday": 13, 
                    "position": 1
                }, 
                {
                    "matchday": 14, 
                    "position": 1
                }, 
                {
                    "matchday": 15, 
                    "position": 1
                }, 
                {
                    "matchday": 16, 
                    "position": 1
                }, 
                {
                    "matchday": 17, 
                    "position": 1
                }, 
                {
                    "matchday": 18, 
                    "position": 1
                }, 
                {
                    "matchday": 19, 
                    "position": 1
                }, 
                {
                    "matchday": 20, 
                    "position": 2
                }, 
                {
                    "matchday": 21, 
                    "position": 2
                }, 
                {
                    "matchday": 22, 
                    "position": 2
                }, 
                {
                    "matchday": 23, 
                    "position": 2
                }, 
                {
                    "matchday": 24, 
                    "position": 2
                }, 
                {
                    "matchday": 25, 
                    "position": 2
                }, 
                {
                    "matchday": 26, 
                    "position": 3
                }, 
                {
                    "matchday": 27, 
                    "position": 3
                }, 
                {
                    "matchday": 28, 
                    "position": 3
                }, 
                {
                    "matchday": 29, 
                    "position": 3
                }, 
                {
                    "matchday": 30, 
                    "position": 3
                }, 
                {
                    "matchday": 31, 
                    "position": 3
                }, 
                {
                    "matchday": 32, 
                    "position": 4
                }, 
                {
                    "matchday": 33, 
                    "position": 4
                }, 
                {
                    "matchday": 34, 
                    "position": 5
                }, 
                {
                    "matchday": 35, 
                    "position": 4
                }, 
                {
                    "matchday": 36, 
                    "position": 4
                }, 
                {
                    "matchday": 37, 
                    "position": 4
                }, 
                {
                    "matchday": 38, 
                    "position": 4
                }
            ]
        }, 
        {
            "teamName": "Metz", 
            "color": "#B0053A", 
            "rank": [
                {
                    "matchday": 1, 
                    "position": 12
                }, 
                {
                    "matchday": 2, 
                    "position": 14
                }, 
                {
                    "matchday": 3, 
                    "position": 18
                }, 
                {
                    "matchday": 4, 
                    "position": 14
                }, 
                {
                    "matchday": 5, 
                    "position": 17
                }, 
                {
                    "matchday": 6, 
                    "position": 9
                }, 
                {
                    "matchday": 7, 
                    "position": 6
                }, 
                {
                    "matchday": 8, 
                    "position": 5
                }, 
                {
                    "matchday": 9, 
                    "position": 9
                }, 
                {
                    "matchday": 10, 
                    "position": 7
                }, 
                {
                    "matchday": 11, 
                    "position": 10
                }, 
                {
                    "matchday": 12, 
                    "position": 8
                }, 
                {
                    "matchday": 13, 
                    "position": 9
                }, 
                {
                    "matchday": 14, 
                    "position": 13
                }, 
                {
                    "matchday": 15, 
                    "position": 13
                }, 
                {
                    "matchday": 16, 
                    "position": 13
                }, 
                {
                    "matchday": 17, 
                    "position": 14
                }, 
                {
                    "matchday": 18, 
                    "position": 16
                }, 
                {
                    "matchday": 19, 
                    "position": 17
                }, 
                {
                    "matchday": 20, 
                    "position": 17
                }, 
                {
                    "matchday": 21, 
                    "position": 17
                }, 
                {
                    "matchday": 22, 
                    "position": 20
                }, 
                {
                    "matchday": 23, 
                    "position": 20
                }, 
                {
                    "matchday": 24, 
                    "position": 20
                }, 
                {
                    "matchday": 25, 
                    "position": 20
                }, 
                {
                    "matchday": 26, 
                    "position": 20
                }, 
                {
                    "matchday": 27, 
                    "position": 20
                }, 
                {
                    "matchday": 28, 
                    "position": 20
                }, 
                {
                    "matchday": 29, 
                    "position": 20
                }, 
                {
                    "matchday": 30, 
                    "position": 20
                }, 
                {
                    "matchday": 31, 
                    "position": 19
                }, 
                {
                    "matchday": 32, 
                    "position": 20
                }, 
                {
                    "matchday": 33, 
                    "position": 19
                }, 
                {
                    "matchday": 34, 
                    "position": 19
                }, 
                {
                    "matchday": 35, 
                    "position": 19
                }, 
                {
                    "matchday": 36, 
                    "position": 19
                }, 
                {
                    "matchday": 37, 
                    "position": 19
                }, 
                {
                    "matchday": 38, 
                    "position": 19
                }
            ]
        }, 
        {
            "teamName": "Monaco", 
            "color": "#EE2722", 
            "rank": [
                {
                    "matchday": 1, 
                    "position": 15
                }, 
                {
                    "matchday": 2, 
                    "position": 19
                }, 
                {
                    "matchday": 3, 
                    "position": 17
                }, 
                {
                    "matchday": 4, 
                    "position": 15
                }, 
                {
                    "matchday": 5, 
                    "position": 19
                }, 
                {
                    "matchday": 6, 
                    "position": 16
                }, 
                {
                    "matchday": 7, 
                    "position": 11
                }, 
                {
                    "matchday": 8, 
                    "position": 12
                }, 
                {
                    "matchday": 9, 
                    "position": 13
                }, 
                {
                    "matchday": 10, 
                    "position": 10
                }, 
                {
                    "matchday": 11, 
                    "position": 8
                }, 
                {
                    "matchday": 12, 
                    "position": 7
                }, 
                {
                    "matchday": 13, 
                    "position": 7
                }, 
                {
                    "matchday": 14, 
                    "position": 8
                }, 
                {
                    "matchday": 15, 
                    "position": 10
                }, 
                {
                    "matchday": 16, 
                    "position": 8
                }, 
                {
                    "matchday": 17, 
                    "position": 7
                }, 
                {
                    "matchday": 18, 
                    "position": 6
                }, 
                {
                    "matchday": 19, 
                    "position": 5
                }, 
                {
                    "matchday": 20, 
                    "position": 5
                }, 
                {
                    "matchday": 21, 
                    "position": 5
                }, 
                {
                    "matchday": 22, 
                    "position": 5
                }, 
                {
                    "matchday": 23, 
                    "position": 5
                }, 
                {
                    "matchday": 24, 
                    "position": 5
                }, 
                {
                    "matchday": 25, 
                    "position": 5
                }, 
                {
                    "matchday": 26, 
                    "position": 4
                }, 
                {
                    "matchday": 27, 
                    "position": 4
                }, 
                {
                    "matchday": 28, 
                    "position": 4
                }, 
                {
                    "matchday": 29, 
                    "position": 4
                }, 
                {
                    "matchday": 30, 
                    "position": 4
                }, 
                {
                    "matchday": 31, 
                    "position": 4
                }, 
                {
                    "matchday": 32, 
                    "position": 3
                }, 
                {
                    "matchday": 33, 
                    "position": 3
                }, 
                {
                    "matchday": 34, 
                    "position": 3
                }, 
                {
                    "matchday": 35, 
                    "position": 3
                }, 
                {
                    "matchday": 36, 
                    "position": 3
                }, 
                {
                    "matchday": 37, 
                    "position": 3
                }, 
                {
                    "matchday": 38, 
                    "position": 3
                }
            ]
        }, 
        {
            "teamName": "Montpellier", 
            "color": "#F36F21", 
            "rank": [
                {
                    "matchday": 1, 
                    "position": 16
                }, 
                {
                    "matchday": 2, 
                    "position": 11
                }, 
                {
                    "matchday": 3, 
                    "position": 5
                }, 
                {
                    "matchday": 4, 
                    "position": 10
                }, 
                {
                    "matchday": 5, 
                    "position": 6
                }, 
                {
                    "matchday": 6, 
                    "position": 6
                }, 
                {
                    "matchday": 7, 
                    "position": 9
                }, 
                {
                    "matchday": 8, 
                    "position": 7
                }, 
                {
                    "matchday": 9, 
                    "position": 7
                }, 
                {
                    "matchday": 10, 
                    "position": 11
                }, 
                {
                    "matchday": 11, 
                    "position": 13
                }, 
                {
                    "matchday": 12, 
                    "position": 9
                }, 
                {
                    "matchday": 13, 
                    "position": 13
                }, 
                {
                    "matchday": 14, 
                    "position": 9
                }, 
                {
                    "matchday": 15, 
                    "position": 9
                }, 
                {
                    "matchday": 16, 
                    "position": 10
                }, 
                {
                    "matchday": 17, 
                    "position": 8
                }, 
                {
                    "matchday": 18, 
                    "position": 9
                }, 
                {
                    "matchday": 19, 
                    "position": 10
                }, 
                {
                    "matchday": 20, 
                    "position": 8
                }, 
                {
                    "matchday": 21, 
                    "position": 6
                }, 
                {
                    "matchday": 22, 
                    "position": 6
                }, 
                {
                    "matchday": 23, 
                    "position": 6
                }, 
                {
                    "matchday": 24, 
                    "position": 7
                }, 
                {
                    "matchday": 25, 
                    "position": 7
                }, 
                {
                    "matchday": 26, 
                    "position": 7
                }, 
                {
                    "matchday": 27, 
                    "position": 5
                }, 
                {
                    "matchday": 28, 
                    "position": 7
                }, 
                {
                    "matchday": 29, 
                    "position": 7
                }, 
                {
                    "matchday": 30, 
                    "position": 7
                }, 
                {
                    "matchday": 31, 
                    "position": 7
                }, 
                {
                    "matchday": 32, 
                    "position": 7
                }, 
                {
                    "matchday": 33, 
                    "position": 7
                }, 
                {
                    "matchday": 34, 
                    "position": 7
                }, 
                {
                    "matchday": 35, 
                    "position": 7
                }, 
                {
                    "matchday": 36, 
                    "position": 7
                }, 
                {
                    "matchday": 37, 
                    "position": 7
                }, 
                {
                    "matchday": 38, 
                    "position": 7
                }
            ]
        }, 
        {
            "teamName": "Nantes", 
            "color": "#FFD600", 
            "rank": [
                {
                    "matchday": 1, 
                    "position": 6
                }, 
                {
                    "matchday": 2, 
                    "position": 5
                }, 
                {
                    "matchday": 3, 
                    "position": 8
                }, 
                {
                    "matchday": 4, 
                    "position": 7
                }, 
                {
                    "matchday": 5, 
                    "position": 10
                }, 
                {
                    "matchday": 6, 
                    "position": 7
                }, 
                {
                    "matchday": 7, 
                    "position": 7
                }, 
                {
                    "matchday": 8, 
                    "position": 9
                }, 
                {
                    "matchday": 9, 
                    "position": 5
                }, 
                {
                    "matchday": 10, 
                    "position": 6
                }, 
                {
                    "matchday": 11, 
                    "position": 5
                }, 
                {
                    "matchday": 12, 
                    "position": 6
                }, 
                {
                    "matchday": 13, 
                    "position": 5
                }, 
                {
                    "matchday": 14, 
                    "position": 4
                }, 
                {
                    "matchday": 15, 
                    "position": 7
                }, 
                {
                    "matchday": 16, 
                    "position": 7
                }, 
                {
                    "matchday": 17, 
                    "position": 9
                }, 
                {
                    "matchday": 18, 
                    "position": 8
                }, 
                {
                    "matchday": 19, 
                    "position": 7
                }, 
                {
                    "matchday": 20, 
                    "position": 7
                }, 
                {
                    "matchday": 21, 
                    "position": 8
                }, 
                {
                    "matchday": 22, 
                    "position": 9
                }, 
                {
                    "matchday": 23, 
                    "position": 9
                }, 
                {
                    "matchday": 24, 
                    "position": 9
                }, 
                {
                    "matchday": 25, 
                    "position": 10
                }, 
                {
                    "matchday": 26, 
                    "position": 11
                }, 
                {
                    "matchday": 27, 
                    "position": 8
                }, 
                {
                    "matchday": 28, 
                    "position": 11
                }, 
                {
                    "matchday": 29, 
                    "position": 9
                }, 
                {
                    "matchday": 30, 
                    "position": 9
                }, 
                {
                    "matchday": 31, 
                    "position": 10
                }, 
                {
                    "matchday": 32, 
                    "position": 11
                }, 
                {
                    "matchday": 33, 
                    "position": 10
                }, 
                {
                    "matchday": 34, 
                    "position": 10
                }, 
                {
                    "matchday": 35, 
                    "position": 11
                }, 
                {
                    "matchday": 36, 
                    "position": 12
                }, 
                {
                    "matchday": 37, 
                    "position": 13
                }, 
                {
                    "matchday": 38, 
                    "position": 14
                }
            ]
        }, 
        {
            "teamName": "Nice", 
            "color": "#D4082D", 
            "rank": [
                {
                    "matchday": 1, 
                    "position": 4
                }, 
                {
                    "matchday": 2, 
                    "position": 4
                }, 
                {
                    "matchday": 3, 
                    "position": 9
                }, 
                {
                    "matchday": 4, 
                    "position": 16
                }, 
                {
                    "matchday": 5, 
                    "position": 11
                }, 
                {
                    "matchday": 6, 
                    "position": 17
                }, 
                {
                    "matchday": 7, 
                    "position": 12
                }, 
                {
                    "matchday": 8, 
                    "position": 7
                }, 
                {
                    "matchday": 9, 
                    "position": 11
                }, 
                {
                    "matchday": 10, 
                    "position": 12
                }, 
                {
                    "matchday": 11, 
                    "position": 7
                }, 
                {
                    "matchday": 12, 
                    "position": 10
                }, 
                {
                    "matchday": 13, 
                    "position": 12
                }, 
                {
                    "matchday": 14, 
                    "position": 12
                }, 
                {
                    "matchday": 15, 
                    "position": 12
                }, 
                {
                    "matchday": 16, 
                    "position": 15
                }, 
                {
                    "matchday": 17, 
                    "position": 11
                }, 
                {
                    "matchday": 18, 
                    "position": 12
                }, 
                {
                    "matchday": 19, 
                    "position": 12
                }, 
                {
                    "matchday": 20, 
                    "position": 12
                }, 
                {
                    "matchday": 21, 
                    "position": 10
                }, 
                {
                    "matchday": 22, 
                    "position": 8
                }, 
                {
                    "matchday": 23, 
                    "position": 8
                }, 
                {
                    "matchday": 24, 
                    "position": 8
                }, 
                {
                    "matchday": 25, 
                    "position": 9
                }, 
                {
                    "matchday": 26, 
                    "position": 9
                }, 
                {
                    "matchday": 27, 
                    "position": 13
                }, 
                {
                    "matchday": 28, 
                    "position": 15
                }, 
                {
                    "matchday": 29, 
                    "position": 16
                }, 
                {
                    "matchday": 30, 
                    "position": 12
                }, 
                {
                    "matchday": 31, 
                    "position": 13
                }, 
                {
                    "matchday": 32, 
                    "position": 10
                }, 
                {
                    "matchday": 33, 
                    "position": 11
                }, 
                {
                    "matchday": 34, 
                    "position": 12
                }, 
                {
                    "matchday": 35, 
                    "position": 13
                }, 
                {
                    "matchday": 36, 
                    "position": 15
                }, 
                {
                    "matchday": 37, 
                    "position": 12
                }, 
                {
                    "matchday": 38, 
                    "position": 11
                }
            ]
        }, 
        {
            "teamName": "Reims",
            "color": "#B41309",  
            "rank": [
                {
                    "matchday": 1, 
                    "position": 10
                }, 
                {
                    "matchday": 2, 
                    "position": 15
                }, 
                {
                    "matchday": 3, 
                    "position": 19
                }, 
                {
                    "matchday": 4, 
                    "position": 19
                }, 
                {
                    "matchday": 5, 
                    "position": 18
                }, 
                {
                    "matchday": 6, 
                    "position": 15
                }, 
                {
                    "matchday": 7, 
                    "position": 18
                }, 
                {
                    "matchday": 8, 
                    "position": 19
                }, 
                {
                    "matchday": 9, 
                    "position": 16
                }, 
                {
                    "matchday": 10, 
                    "position": 14
                }, 
                {
                    "matchday": 11, 
                    "position": 14
                }, 
                {
                    "matchday": 12, 
                    "position": 13
                }, 
                {
                    "matchday": 13, 
                    "position": 10
                }, 
                {
                    "matchday": 14, 
                    "position": 11
                }, 
                {
                    "matchday": 15, 
                    "position": 8
                }, 
                {
                    "matchday": 16, 
                    "position": 9
                }, 
                {
                    "matchday": 17, 
                    "position": 10
                }, 
                {
                    "matchday": 18, 
                    "position": 10
                }, 
                {
                    "matchday": 19, 
                    "position": 9
                }, 
                {
                    "matchday": 20, 
                    "position": 10
                }, 
                {
                    "matchday": 21, 
                    "position": 11
                }, 
                {
                    "matchday": 22, 
                    "position": 11
                }, 
                {
                    "matchday": 23, 
                    "position": 12
                }, 
                {
                    "matchday": 24, 
                    "position": 13
                }, 
                {
                    "matchday": 25, 
                    "position": 14
                }, 
                {
                    "matchday": 26, 
                    "position": 15
                }, 
                {
                    "matchday": 27, 
                    "position": 15
                }, 
                {
                    "matchday": 28, 
                    "position": 12
                }, 
                {
                    "matchday": 29, 
                    "position": 13
                }, 
                {
                    "matchday": 30, 
                    "position": 15
                }, 
                {
                    "matchday": 31, 
                    "position": 16
                }, 
                {
                    "matchday": 32, 
                    "position": 17
                }, 
                {
                    "matchday": 33, 
                    "position": 14
                }, 
                {
                    "matchday": 34, 
                    "position": 17
                }, 
                {
                    "matchday": 35, 
                    "position": 17
                }, 
                {
                    "matchday": 36, 
                    "position": 17
                }, 
                {
                    "matchday": 37, 
                    "position": 14
                }, 
                {
                    "matchday": 38, 
                    "position": 15
                }
            ]
        }, 
        {
            "teamName": "Rennes", 
            "color": "#E13328", 
            "rank": [
                {
                    "matchday": 1, 
                    "position": 18
                }, 
                {
                    "matchday": 2, 
                    "position": 8
                }, 
                {
                    "matchday": 3, 
                    "position": 7
                }, 
                {
                    "matchday": 4, 
                    "position": 5
                }, 
                {
                    "matchday": 5, 
                    "position": 7
                }, 
                {
                    "matchday": 6, 
                    "position": 8
                }, 
                {
                    "matchday": 7, 
                    "position": 13
                }, 
                {
                    "matchday": 8, 
                    "position": 15
                }, 
                {
                    "matchday": 9, 
                    "position": 12
                }, 
                {
                    "matchday": 10, 
                    "position": 13
                }, 
                {
                    "matchday": 11, 
                    "position": 9
                }, 
                {
                    "matchday": 12, 
                    "position": 11
                }, 
                {
                    "matchday": 13, 
                    "position": 7
                }, 
                {
                    "matchday": 14, 
                    "position": 7
                }, 
                {
                    "matchday": 15, 
                    "position": 6
                }, 
                {
                    "matchday": 16, 
                    "position": 5
                }, 
                {
                    "matchday": 17, 
                    "position": 6
                }, 
                {
                    "matchday": 18, 
                    "position": 7
                }, 
                {
                    "matchday": 19, 
                    "position": 8
                }, 
                {
                    "matchday": 20, 
                    "position": 9
                }, 
                {
                    "matchday": 21, 
                    "position": 9
                }, 
                {
                    "matchday": 22, 
                    "position": 10
                }, 
                {
                    "matchday": 23, 
                    "position": 10
                }, 
                {
                    "matchday": 24, 
                    "position": 12
                }, 
                {
                    "matchday": 25, 
                    "position": 12
                }, 
                {
                    "matchday": 26, 
                    "position": 13
                }, 
                {
                    "matchday": 27, 
                    "position": 10
                }, 
                {
                    "matchday": 28, 
                    "position": 9
                }, 
                {
                    "matchday": 29, 
                    "position": 11
                }, 
                {
                    "matchday": 30, 
                    "position": 11
                }, 
                {
                    "matchday": 31, 
                    "position": 9
                }, 
                {
                    "matchday": 32, 
                    "position": 9
                }, 
                {
                    "matchday": 33, 
                    "position": 9
                }, 
                {
                    "matchday": 34, 
                    "position": 9
                }, 
                {
                    "matchday": 35, 
                    "position": 9
                }, 
                {
                    "matchday": 36, 
                    "position": 9
                }, 
                {
                    "matchday": 37, 
                    "position": 9
                }, 
                {
                    "matchday": 38, 
                    "position": 9
                }
            ]
        }, 
        {
            "teamName": "ST Etienne", 
            "color": "#269045", 
            "rank": [
                {
                    "matchday": 1, 
                    "position": 2
                }, 
                {
                    "matchday": 2, 
                    "position": 1
                }, 
                {
                    "matchday": 3, 
                    "position": 2
                }, 
                {
                    "matchday": 4, 
                    "position": 8
                }, 
                {
                    "matchday": 5, 
                    "position": 4
                }, 
                {
                    "matchday": 6, 
                    "position": 3
                }, 
                {
                    "matchday": 7, 
                    "position": 3
                }, 
                {
                    "matchday": 8, 
                    "position": 6
                }, 
                {
                    "matchday": 9, 
                    "position": 10
                }, 
                {
                    "matchday": 10, 
                    "position": 5
                }, 
                {
                    "matchday": 11, 
                    "position": 4
                }, 
                {
                    "matchday": 12, 
                    "position": 5
                }, 
                {
                    "matchday": 13, 
                    "position": 6
                }, 
                {
                    "matchday": 14, 
                    "position": 6
                }, 
                {
                    "matchday": 15, 
                    "position": 5
                }, 
                {
                    "matchday": 16, 
                    "position": 4
                }, 
                {
                    "matchday": 17, 
                    "position": 4
                }, 
                {
                    "matchday": 18, 
                    "position": 4
                }, 
                {
                    "matchday": 19, 
                    "position": 4
                }, 
                {
                    "matchday": 20, 
                    "position": 3
                }, 
                {
                    "matchday": 21, 
                    "position": 4
                }, 
                {
                    "matchday": 22, 
                    "position": 4
                }, 
                {
                    "matchday": 23, 
                    "position": 4
                }, 
                {
                    "matchday": 24, 
                    "position": 4
                }, 
                {
                    "matchday": 25, 
                    "position": 4
                }, 
                {
                    "matchday": 26, 
                    "position": 5
                }, 
                {
                    "matchday": 27, 
                    "position": 6
                }, 
                {
                    "matchday": 28, 
                    "position": 5
                }, 
                {
                    "matchday": 29, 
                    "position": 5
                }, 
                {
                    "matchday": 30, 
                    "position": 5
                }, 
                {
                    "matchday": 31, 
                    "position": 5
                }, 
                {
                    "matchday": 32, 
                    "position": 5
                }, 
                {
                    "matchday": 33, 
                    "position": 5
                }, 
                {
                    "matchday": 34, 
                    "position": 4
                }, 
                {
                    "matchday": 35, 
                    "position": 5
                }, 
                {
                    "matchday": 36, 
                    "position": 5
                }, 
                {
                    "matchday": 37, 
                    "position": 5
                }, 
                {
                    "matchday": 38, 
                    "position": 5
                }
            ]
        }, 
        {
            "teamName": "Toulouse",
            "color": "#6F5B98",  
            "rank": [
                {
                    "matchday": 1, 
                    "position": 14
                }, 
                {
                    "matchday": 2, 
                    "position": 12
                }, 
                {
                    "matchday": 3, 
                    "position": 14
                }, 
                {
                    "matchday": 4, 
                    "position": 12
                }, 
                {
                    "matchday": 5, 
                    "position": 15
                }, 
                {
                    "matchday": 6, 
                    "position": 14
                }, 
                {
                    "matchday": 7, 
                    "position": 10
                }, 
                {
                    "matchday": 8, 
                    "position": 11
                }, 
                {
                    "matchday": 9, 
                    "position": 8
                }, 
                {
                    "matchday": 10, 
                    "position": 9
                }, 
                {
                    "matchday": 11, 
                    "position": 12
                }, 
                {
                    "matchday": 12, 
                    "position": 14
                }, 
                {
                    "matchday": 13, 
                    "position": 11
                }, 
                {
                    "matchday": 14, 
                    "position": 14
                }, 
                {
                    "matchday": 15, 
                    "position": 14
                }, 
                {
                    "matchday": 16, 
                    "position": 11
                }, 
                {
                    "matchday": 17, 
                    "position": 13
                }, 
                {
                    "matchday": 18, 
                    "position": 15
                }, 
                {
                    "matchday": 19, 
                    "position": 14
                }, 
                {
                    "matchday": 20, 
                    "position": 15
                }, 
                {
                    "matchday": 21, 
                    "position": 16
                }, 
                {
                    "matchday": 22, 
                    "position": 17
                }, 
                {
                    "matchday": 23, 
                    "position": 14
                }, 
                {
                    "matchday": 24, 
                    "position": 17
                }, 
                {
                    "matchday": 25, 
                    "position": 17
                }, 
                {
                    "matchday": 26, 
                    "position": 18
                }, 
                {
                    "matchday": 27, 
                    "position": 18
                }, 
                {
                    "matchday": 28, 
                    "position": 18
                }, 
                {
                    "matchday": 29, 
                    "position": 18
                }, 
                {
                    "matchday": 30, 
                    "position": 18
                }, 
                {
                    "matchday": 31, 
                    "position": 18
                }, 
                {
                    "matchday": 32, 
                    "position": 18
                }, 
                {
                    "matchday": 33, 
                    "position": 15
                }, 
                {
                    "matchday": 34, 
                    "position": 14
                }, 
                {
                    "matchday": 35, 
                    "position": 16
                }, 
                {
                    "matchday": 36, 
                    "position": 16
                }, 
                {
                    "matchday": 37, 
                    "position": 17
                }, 
                {
                    "matchday": 38, 
                    "position": 17
                }
            ]
        }
    ]
}